Datetime,Water Level (m)
2025-11-09 06:00:00,-8.501
2025-11-09 07:00:00,-8.501
2025-11-09 08:00:00,-8.501
2025-11-09 09:00:00,-8.501
2025-11-09 10:00:00,-8.501
2025-11-09 11:00:00,-8.501
2025-11-09 12:00:00,-8.501
2025-11-09 13:00:00,-8.501
2025-11-09 14:00:00,-8.501
2025-11-09 15:00:00,-8.501
2025-11-09 16:00:00,-8.501
2025-11-09 17:00:00,-8.501
2025-11-09 18:00:00,-8.501
2025-11-09 19:00:00,-8.501
2025-11-09 20:00:00,-8.501
2025-11-09 21:00:00,-8.501
2025-11-09 22:00:00,-8.501
2025-11-09 23:00:00,-8.501
2025-11-10 00:00:00,-8.501
2025-11-10 01:00:00,-8.501
2025-11-10 02:00:00,-8.501
2025-11-10 03:00:00,-8.501
2025-11-10 04:00:00,-8.501
2025-11-10 05:00:00,-8.501
2025-11-10 06:00:00,-8.501
2025-11-10 07:00:00,-8.501
2025-11-10 08:00:00,-8.501
2025-11-10 09:00:00,-8.501
2025-11-10 10:00:00,-8.501
2025-11-10 11:00:00,-8.501
2025-11-10 12:00:00,-8.501
2025-11-10 13:00:00,-8.501
2025-11-10 14:00:00,-8.501
2025-11-10 15:00:00,-8.501
2025-11-10 16:00:00,-8.501
2025-11-10 17:00:00,-8.501
2025-11-10 18:00:00,-8.501
2025-11-10 19:00:00,-8.501
2025-11-10 20:00:00,-8.501
2025-11-10 21:00:00,-8.501
2025-11-10 22:00:00,-8.501
2025-11-10 23:00:00,-8.501
2025-11-11 00:00:00,-8.501
2025-11-11 01:00:00,-8.501
2025-11-11 02:00:00,-8.501
2025-11-11 03:00:00,-8.501
2025-11-11 04:00:00,-8.501
2025-11-11 05:00:00,-8.501
2025-11-11 06:00:00,-8.501
2025-11-11 07:00:00,0.12464279
2025-11-11 08:00:00,0.12481526
2025-11-11 09:00:00,0.12782842
2025-11-11 10:00:00,0.1184748
2025-11-11 11:00:00,0.10657339
2025-11-11 12:00:00,0.10053841
2025-11-11 13:00:00,0.10092157
2025-11-11 14:00:00,0.10130467
2025-11-11 15:00:00,0.101611584
2025-11-11 16:00:00,0.10198448
2025-11-11 17:00:00,0.10149248
2025-11-11 18:00:00,0.106922925
2025-11-11 19:00:00,0.1097404
2025-11-11 20:00:00,0.105665304
2025-11-11 21:00:00,0.10136127
2025-11-11 22:00:00,0.100968346
2025-11-11 23:00:00,0.10081049
2025-11-12 00:00:00,0.100763045
2025-11-12 01:00:00,0.10085613
2025-11-12 02:00:00,0.10088715
2025-11-12 03:00:00,0.10095128
2025-11-12 04:00:00,0.101042
2025-11-12 05:00:00,0.10109532
2025-11-12 06:00:00,0.100771345
2025-11-12 07:00:00,0.10088893
2025-11-12 08:00:00,0.118494704
2025-11-12 09:00:00,0.11808458
2025-11-12 10:00:00,0.112619005
2025-11-12 11:00:00,0.10486516
2025-11-12 12:00:00,0.10349933
2025-11-12 13:00:00,0.10246394
2025-11-12 14:00:00,0.102270335
2025-11-12 15:00:00,0.10193612
2025-11-12 16:00:00,0.101271816
2025-11-12 17:00:00,0.100938916
2025-11-12 18:00:00,0.10128454
2025-11-12 19:00:00,0.10097065
2025-11-12 20:00:00,0.101090826
2025-11-12 21:00:00,0.10091339
2025-11-12 22:00:00,0.100872256
2025-11-12 23:00:00,0.100683406
2025-11-13 00:00:00,0.10073867
2025-11-13 01:00:00,0.10070902
2025-11-13 02:00:00,0.1007805
2025-11-13 03:00:00,0.10075832
2025-11-13 04:00:00,0.100836754
2025-11-13 05:00:00,0.10130543
2025-11-13 06:00:00,0.10099575
2025-11-13 07:00:00,0.101458006
2025-11-13 08:00:00,0.107400335
2025-11-13 09:00:00,0.11898513
2025-11-13 10:00:00,0.118446186
2025-11-13 11:00:00,0.113203995
2025-11-13 12:00:00,0.107129976
2025-11-13 13:00:00,-8.501
2025-11-13 14:00:00,0.10048031
2025-11-13 15:00:00,0.10070715
2025-11-13 16:00:00,0.100963496
2025-11-13 17:00:00,0.10131012
2025-11-13 18:00:00,0.100988925
2025-11-13 19:00:00,0.10078442
2025-11-13 20:00:00,0.10080683
2025-11-13 21:00:00,0.100753985
2025-11-13 22:00:00,0.10954205
2025-11-13 23:00:00,0.10885937
2025-11-14 00:00:00,0.10445848
2025-11-14 01:00:00,0.10227187
2025-11-14 02:00:00,0.101528004
2025-11-14 03:00:00,0.101565465
2025-11-14 04:00:00,0.1012329
2025-11-14 05:00:00,0.10091163
2025-11-14 06:00:00,0.10085146
2025-11-14 07:00:00,0.1009676
2025-11-14 08:00:00,0.10477723
2025-11-14 09:00:00,0.12970252
2025-11-14 10:00:00,0.13517298
2025-11-14 11:00:00,0.13238965
2025-11-14 12:00:00,0.12749621
2025-11-14 13:00:00,0.12323114
2025-11-14 14:00:00,0.11365465
2025-11-14 15:00:00,0.1085021
2025-11-14 16:00:00,0.10683804
2025-11-14 17:00:00,0.10564282
2025-11-14 18:00:00,0.101128764
2025-11-14 19:00:00,0.101479426
2025-11-14 20:00:00,0.10320831
2025-11-14 21:00:00,0.12415553
2025-11-14 22:00:00,0.13527262
2025-11-14 23:00:00,0.14173706
2025-11-15 00:00:00,0.1414395
2025-11-15 01:00:00,0.13771582
2025-11-15 02:00:00,0.13298368
2025-11-15 03:00:00,0.12495158
2025-11-15 04:00:00,0.11731779
2025-11-15 05:00:00,0.11258228
2025-11-15 06:00:00,0.10658857
